accuracy,loss,val_accuracy,val_loss
0.11267605423927307,2.9885311126708984,0.09375,4.0871686935424805
0.19248826801776886,2.7131218910217285,0.09375,4.026888847351074
